balance,rate,minimumPayment,interestAmount,interestRate,totalInterestPaid,principlePaid,endingBalance,isLastMonth,loanId,university
1249668888,13,1475,1353.7983333333334,0.13,13594.798333333334,121.2016666666666,124844.79833333334,false,1,ubit
887761.35,8,75,59.07566666666667,0.08,595.4256666666666,15.92433333333333,8845.425666666668,false,2,ku
124844.8,13,1475,1352.4853333333333,0.13,14947.285333333333,122.5146666666667,124722.28533333333,false,3,ku
8845.43,8,75,58.96953333333334,0.08,654.3995333333332,16.030466666666662,8829.399533333333,false,4,ku
124722.29,13,1475,1351.1581416666666,0.13,16298.448141666668,123.84185833333345,124598.44814166665,false,5,ku